Hydration Score Energy Score =,(Carbs Loss + Salts Loss) / 2 ,,,,,,,,,,,,,,,,,,,,
,,,,,,,,,,,,,,,,,,,,,
Hydration Score =,1- (Hydration Score Energy Loss),,,,,,,,,,,,,,,,,,,,
,,,,,,,,,,,,,,,,,,,,,
Health Score Energy Loss =,(Carbs loss + PH average loss + Salts loss + Urea loss)/4,,,,,,,,,,,,,,,,,,,,
,,,,,,,,,,,,,,,,,,,,,
Health Score =,1- (Health Score Energy Loss),,,,,,,,,,,,,,,,,,,,
,,,,,,,,,,,,,,,,,,,,,
,,Carbs,,,,PH Average,,,,Salts,,,,Urea,,,,Example Numbers ONLY,,,
,,Read,Loss,Increment,,Read,Loss,Increment,,Read,Loss,Increment,,Read,Loss,Increment,,Hydration Score,Hydration Score Energy Loss,Health Score,Health Score Energy Loss
,,0,96.00%,3.67%,,4.8,96%,0.50%,,0,96%,1.38%,,0,96%,1.60%,,4.00%,96.00%,4.00%,96.00%
,,0.1,96.00%,3.67%,,4.81,96%,0.50%,,0.1,96%,1.38%,,0.1,94.40%,1.60%,,4.00%,96.00%,4.40%,95.60%
,,0.2,96.00%,3.67%,,4.82,96%,0.50%,,0.2,96%,1.38%,,0.2,92.80%,1.60%,,4.00%,96.00%,4.80%,95.20%
,,0.3,96.00%,3.67%,,4.83,96%,0.50%,,0.3,96%,1.38%,,0.3,91.20%,1.60%,,4.00%,96.00%,5.20%,94.80%
,,0.4,96.00%,3.67%,,4.84,96%,0.50%,,0.4,96%,1.38%,,0.4,89.60%,1.60%,,4.00%,96.00%,5.60%,94.40%
,,0.5,96.00%,3.67%,,4.85,96%,0.50%,,0.5,96%,1.38%,,0.5,88.00%,1.60%,,4.00%,96.00%,6.00%,94.00%
,,0.6,96.00%,3.67%,,4.86,96%,0.50%,,0.6,96%,1.38%,,0.6,86.40%,1.60%,,4.00%,96.00%,6.40%,93.60%
,,0.7,96.00%,3.67%,,4.87,96%,0.50%,,0.7,96%,1.38%,,0.7,84.80%,1.60%,,4.00%,96.00%,6.80%,93.20%
,,0.8,96.00%,3.67%,,4.88,96%,0.50%,,0.8,96%,1.38%,,0.8,83.20%,1.60%,,4.00%,96.00%,7.20%,92.80%
,,0.9,96.00%,3.67%,,4.89,96%,0.50%,,0.9,96%,1.38%,,0.9,81.60%,1.60%,,4.00%,96.00%,7.60%,92.40%
,,1,96.00%,3.67%,,4.9,96%,0.50%,,1,96%,1.38%,,1,80.00%,1.60%,,4.00%,96.00%,8.00%,92.00%
,,1.1,96.00%,3.67%,,4.91,96%,0.50%,,1.1,96%,1.38%,,1.1,78.40%,1.60%,,4.00%,96.00%,8.40%,91.60%
,,1.2,96.00%,3.67%,,4.92,96%,0.50%,,1.2,96%,1.38%,,1.2,76.80%,1.60%,,4.00%,96.00%,8.80%,91.20%
,,1.3,96.00%,3.67%,,4.93,96%,0.50%,,1.3,96%,1.38%,,1.3,75.20%,1.60%,,4.00%,96.00%,9.20%,90.80%
,,1.4,96.00%,3.67%,,4.94,96%,0.50%,,1.4,96%,1.38%,,1.4,73.60%,1.60%,,4.00%,96.00%,9.60%,90.40%
,,1.5,96.00%,3.67%,,4.95,96%,0.50%,,1.5,96%,1.38%,,1.5,72.00%,1.60%,,4.00%,96.00%,10.00%,90.00%
,,1.6,96.00%,3.67%,,4.96,96%,0.50%,,1.6,96%,1.38%,,1.6,70.40%,1.60%,,4.00%,96.00%,10.40%,89.60%
,,1.7,96.00%,3.67%,,4.97,96%,0.50%,,1.7,96%,1.38%,,1.7,68.80%,1.60%,,4.00%,96.00%,10.80%,89.20%
,,1.8,96.00%,3.67%,,4.98,96%,0.50%,,1.8,96%,1.38%,,1.8,67.20%,1.60%,,4.00%,96.00%,11.20%,88.80%
,,1.9,96.00%,3.67%,,4.99,96%,0.50%,,1.9,96%,1.38%,,1.9,65.60%,1.60%,,4.00%,96.00%,11.60%,88.40%
,,2,96.00%,3.67%,,5,96%,0.50%,,2,96%,1.38%,,2,64.00%,1.60%,,4.00%,96.00%,12.00%,88.00%
,,2.1,92.33%,3.67%,,5.01,96%,0.50%,,2.1,96%,1.38%,,2.1,62.40%,1.60%,,5.84%,94.17%,13.32%,86.68%
,,2.2,88.67%,3.67%,,5.02,96%,0.50%,,2.2,96%,1.38%,,2.2,60.80%,1.60%,,7.67%,92.34%,14.63%,85.37%
,,2.3,85.00%,3.67%,,5.03,96%,0.50%,,2.3,96%,1.38%,,2.3,59.20%,1.60%,,9.50%,90.50%,15.95%,84.05%
,,2.4,81.33%,3.67%,,5.04,96%,0.50%,,2.4,96%,1.38%,,2.4,57.60%,1.60%,,11.34%,88.67%,17.27%,82.73%
,,2.5,77.67%,3.67%,,5.05,96%,0.50%,,2.5,96%,1.38%,,2.5,56.00%,1.60%,,13.17%,86.84%,18.58%,81.42%
,,2.6,74.00%,8.22%,,5.06,96%,0.50%,,2.6,96%,1.38%,,2.6,54.40%,1.60%,,15.00%,85.00%,19.90%,80.10%
,,2.7,65.78%,8.22%,,5.07,96%,0.50%,,2.7,96%,1.38%,,2.7,52.80%,1.60%,,19.11%,80.89%,22.36%,77.65%
,,2.8,57.56%,8.22%,,5.08,96%,0.50%,,2.8,96%,1.38%,,2.8,51.20%,1.60%,,23.22%,76.78%,24.81%,75.19%
,,2.9,49.33%,8.22%,,5.09,96%,0.50%,,2.9,96%,1.38%,,2.9,49.60%,1.60%,,27.34%,72.67%,27.27%,72.73%
,,3,41.11%,8.22%,,5.1,96%,0.50%,,3,96%,1.38%,,3,48.00%,1.60%,,31.45%,68.56%,29.72%,70.28%
,,3.1,32.89%,8.22%,,5.11,96%,0.50%,,3.1,96%,1.38%,,3.1,46.40%,1.60%,,35.56%,64.45%,32.18%,67.82%
,,3.2,24.67%,8.22%,,5.12,96%,0.50%,,3.2,96%,1.38%,,3.2,44.80%,1.60%,,39.67%,60.34%,34.63%,65.37%
,,3.3,16.44%,8.22%,,5.13,96%,0.50%,,3.3,96%,1.38%,,3.3,43.20%,1.60%,,43.78%,56.22%,37.09%,62.91%
,,3.4,8.22%,8.22%,,5.14,96%,0.50%,,3.4,96%,1.38%,,3.4,41.60%,1.60%,,47.89%,52.11%,39.55%,60.46%
,,3.5,0.00%,-0.80%,,5.15,96%,0.50%,,3.5,96%,1.38%,,3.5,40.00%,1.60%,,52.00%,48.00%,42.00%,58.00%
,,3.6,0.80%,0.80%,,5.16,96%,0.50%,,3.6,96%,1.38%,,3.6,38.40%,1.60%,,51.60%,48.40%,42.20%,57.80%
,,3.7,1.60%,0.80%,,5.17,96%,0.50%,,3.7,96%,1.38%,,3.7,36.80%,1.60%,,51.20%,48.80%,42.40%,57.60%
,,3.8,2.40%,0.80%,,5.18,96%,0.50%,,3.8,96%,1.38%,,3.8,35.20%,1.60%,,50.80%,49.20%,42.60%,57.40%
,,3.9,3.20%,0.80%,,5.19,96%,0.50%,,3.9,96%,1.38%,,3.9,33.60%,1.60%,,50.40%,49.60%,42.80%,57.20%
,,4,4.00%,0.80%,,5.2,96%,0.50%,,4,96%,1.38%,,4,32.00%,1.60%,,50.00%,50.00%,43.00%,57.00%
,,4.1,4.80%,0.80%,,5.21,96%,0.50%,,4.1,96%,1.38%,,4.1,30.40%,1.60%,,49.60%,50.40%,43.20%,56.80%
,,4.2,5.60%,0.80%,,5.22,96%,0.50%,,4.2,96%,1.38%,,4.2,28.80%,1.60%,,49.20%,50.80%,43.40%,56.60%
,,4.3,6.40%,0.80%,,5.23,96%,0.50%,,4.3,96%,1.38%,,4.3,27.20%,1.60%,,48.80%,51.20%,43.60%,56.40%
,,4.4,7.20%,0.80%,,5.24,96%,0.50%,,4.4,96%,1.38%,,4.4,25.60%,1.60%,,48.40%,51.60%,43.80%,56.20%
,,4.5,8.00%,0.80%,,5.25,96%,0.50%,,4.5,96%,1.38%,,4.5,24.00%,1.60%,,48.00%,52.00%,44.00%,56.00%
,,4.6,8.80%,0.80%,,5.26,96%,0.50%,,4.6,96%,1.38%,,4.6,22.40%,1.60%,,47.60%,52.40%,44.20%,55.80%
,,4.7,9.60%,0.80%,,5.27,96%,0.50%,,4.7,96%,1.38%,,4.7,20.80%,1.60%,,47.20%,52.80%,44.40%,55.60%
,,4.8,10.40%,0.80%,,5.28,96%,0.50%,,4.8,96%,1.38%,,4.8,19.20%,1.60%,,46.80%,53.20%,44.60%,55.40%
,,4.9,11.20%,0.80%,,5.29,96%,0.50%,,4.9,96%,1.38%,,4.9,17.60%,1.60%,,46.40%,53.60%,44.80%,55.20%
,,5,12.00%,0.80%,,5.3,96%,0.50%,,5,96%,1.38%,,5,16.00%,1.60%,,46.00%,54.00%,45.00%,55.00%
,,5.1,12.80%,0.80%,,5.31,96%,0.50%,,5.1,96%,1.38%,,5.1,14.40%,1.60%,,45.60%,54.40%,45.20%,54.80%
,,5.2,13.60%,0.80%,,5.32,96%,0.50%,,5.2,96%,1.38%,,5.2,12.80%,1.60%,,45.20%,54.80%,45.40%,54.60%
,,5.3,14.40%,0.80%,,5.33,96%,0.50%,,5.3,96%,1.38%,,5.3,11.20%,1.60%,,44.80%,55.20%,45.60%,54.40%
,,5.4,15.20%,0.80%,,5.34,96%,0.50%,,5.4,96%,1.38%,,5.4,9.60%,1.60%,,44.40%,55.60%,45.80%,54.20%
,,5.5,16.00%,0.80%,,5.35,96%,0.50%,,5.5,96%,1.38%,,5.5,8.00%,1.60%,,44.00%,56.00%,46.00%,54.00%
,,5.6,16.80%,0.80%,,5.36,96%,0.50%,,5.6,96%,1.38%,,5.6,6.40%,1.60%,,43.60%,56.40%,46.20%,53.80%
,,5.7,17.60%,0.80%,,5.37,96%,0.50%,,5.7,96%,1.38%,,5.7,4.80%,1.60%,,43.20%,56.80%,46.40%,53.60%
,,5.8,18.40%,0.80%,,5.38,96%,0.50%,,5.8,96%,1.38%,,5.8,3.20%,1.60%,,42.80%,57.20%,46.60%,53.40%
,,5.9,19.20%,0.80%,,5.39,96%,0.50%,,5.9,96%,1.38%,,5.9,1.60%,1.60%,,42.40%,57.60%,46.80%,53.20%
,,6,20.00%,0.80%,,5.4,96%,0.50%,,6,96%,1.38%,,6,0%,-1.60%,,42.00%,58.00%,47.00%,53.00%
,,6.1,20.80%,0.80%,,5.41,95.50%,0.50%,,6.1,96%,1.38%,,6.1,0.31%,0.31%,,41.60%,58.40%,46.85%,53.15%
,,6.2,21.60%,0.80%,,5.42,95.00%,0.50%,,6.2,96%,1.38%,,6.2,0.61%,0.31%,,41.20%,58.80%,46.70%,53.30%
,,6.3,22.40%,0.80%,,5.43,94.50%,0.50%,,6.3,96%,1.38%,,6.3,0.92%,0.31%,,40.80%,59.20%,46.55%,53.46%
,,6.4,23.20%,0.80%,,5.44,94.00%,0.50%,,6.4,96%,1.38%,,6.4,1.22%,0.31%,,40.40%,59.60%,46.40%,53.61%
,,6.5,24.00%,0.80%,,5.45,93.50%,0.50%,,6.5,96%,1.38%,,6.5,1.53%,0.31%,,40.00%,60.00%,46.24%,53.76%
,,6.6,24.80%,0.80%,,5.46,93.00%,0.50%,,6.6,96%,1.38%,,6.6,1.83%,0.31%,,39.60%,60.40%,46.09%,53.91%
,,6.7,25.60%,0.80%,,5.47,92.50%,0.50%,,6.7,96%,1.38%,,6.7,2.14%,0.31%,,39.20%,60.80%,45.94%,54.06%
,,6.8,26.40%,0.80%,,5.48,92.00%,0.50%,,6.8,96%,1.38%,,6.8,2.44%,0.31%,,38.80%,61.20%,45.79%,54.21%
,,6.9,27.20%,0.80%,,5.49,91.50%,0.50%,,6.9,96%,1.38%,,6.9,2.75%,0.31%,,38.40%,61.60%,45.64%,54.36%
,,7,28.00%,0.80%,,5.5,91.00%,0.50%,,7,96%,1.38%,,7,3.05%,0.31%,,38.00%,62.00%,45.49%,54.51%
,,7.1,28.80%,0.80%,,5.51,90.50%,0.50%,,7.1,96%,1.38%,,7.1,3.36%,0.31%,,37.60%,62.40%,45.34%,54.67%
,,7.2,29.60%,0.80%,,5.52,90.00%,0.50%,,7.2,96%,1.38%,,7.2,3.66%,0.31%,,37.20%,62.80%,45.19%,54.82%
,,7.3,30.40%,0.80%,,5.53,89.50%,0.50%,,7.3,96%,1.38%,,7.3,3.97%,0.31%,,36.80%,63.20%,45.03%,54.97%
,,7.4,31.20%,0.80%,,5.54,89.00%,0.50%,,7.4,96%,1.38%,,7.4,4.27%,0.31%,,36.40%,63.60%,44.88%,55.12%
,,7.5,32.00%,0.80%,,5.55,88.50%,0.50%,,7.5,96%,1.38%,,7.5,4.58%,0.31%,,36.00%,64.00%,44.73%,55.27%
,,7.6,32.80%,0.80%,,5.56,88.00%,0.50%,,7.6,96%,1.38%,,7.6,4.88%,0.31%,,35.60%,64.40%,44.58%,55.42%
,,7.7,33.60%,0.80%,,5.57,87.50%,0.50%,,7.7,96%,1.38%,,7.7,5.19%,0.31%,,35.20%,64.80%,44.43%,55.57%
,,7.8,34.40%,0.80%,,5.58,87.00%,0.50%,,7.8,96%,1.38%,,7.8,5.49%,0.31%,,34.80%,65.20%,44.28%,55.72%
,,7.9,35.20%,0.80%,,5.59,86.50%,0.50%,,7.9,96%,1.38%,,7.9,5.80%,0.31%,,34.40%,65.60%,44.13%,55.88%
,,8,36.00%,0.80%,,5.6,86.00%,0.50%,,8,96%,1.38%,,8,6.10%,0.31%,,34.00%,66.00%,43.98%,56.03%
,,8.1,36.80%,0.80%,,5.61,85.50%,0.50%,,8.1,96%,1.38%,,8.1,6.41%,0.31%,,33.60%,66.40%,43.82%,56.18%
,,8.2,37.60%,0.80%,,5.62,85.00%,0.50%,,8.2,96%,1.38%,,8.2,6.71%,0.31%,,33.20%,66.80%,43.67%,56.33%
,,8.3,38.40%,0.80%,,5.63,84.50%,0.50%,,8.3,96%,1.38%,,8.3,7.02%,0.31%,,32.80%,67.20%,43.52%,56.48%
,,8.4,39.20%,0.80%,,5.64,84.00%,0.50%,,8.4,96%,1.38%,,8.4,7.32%,0.31%,,32.40%,67.60%,43.37%,56.63%
,,8.5,40.00%,0.80%,,5.65,83.50%,0.50%,,8.5,96%,1.38%,,8.5,7.63%,0.31%,,32.00%,68.00%,43.22%,56.78%
,,8.6,40.80%,0.80%,,5.66,83.00%,0.50%,,8.6,94.62%,1.38%,,8.6,7.93%,0.31%,,32.29%,67.71%,43.41%,56.59%
,,8.7,41.60%,0.80%,,5.67,82.50%,0.50%,,8.7,93.24%,1.38%,,8.7,8.24%,0.31%,,32.58%,67.42%,43.61%,56.40%
,,8.8,42.40%,0.80%,,5.68,82.00%,0.50%,,8.8,91.86%,1.38%,,8.8,8.54%,0.31%,,32.87%,67.13%,43.80%,56.20%
,,8.9,43.20%,0.80%,,5.69,81.50%,0.50%,,8.9,90.48%,1.38%,,8.9,8.85%,0.31%,,33.16%,66.84%,43.99%,56.01%
,,9,44.00%,0.80%,,5.7,81.00%,0.50%,,9,89.10%,1.38%,,9,9.15%,0.31%,,33.45%,66.55%,44.19%,55.81%
,,9.1,44.80%,0.80%,,5.71,80.50%,0.50%,,9.1,87.72%,1.38%,,9.1,9.46%,0.31%,,33.74%,66.26%,44.38%,55.62%
,,9.2,45.60%,0.80%,,5.72,80.00%,0.50%,,9.2,86.34%,1.38%,,9.2,9.76%,0.31%,,34.03%,65.97%,44.58%,55.43%
,,9.3,46.40%,0.80%,,5.73,79.50%,0.50%,,9.3,84.97%,1.38%,,9.3,10.07%,0.31%,,34.32%,65.69%,44.77%,55.24%
,,9.4,47.20%,0.80%,,5.74,79.00%,0.50%,,9.4,83.59%,1.38%,,9.4,10.37%,0.31%,,34.61%,65.40%,44.96%,55.04%
,,9.5,48.00%,0.80%,,5.75,78.50%,0.50%,,9.5,82.21%,1.38%,,9.5,10.68%,0.31%,,34.90%,65.11%,45.15%,54.85%
,,9.6,48.87%,0.87%,,5.76,78.00%,0.50%,,9.6,80.83%,1.38%,,9.6,10.98%,0.31%,,35.15%,64.85%,45.33%,54.67%
,,9.7,49.73%,0.87%,,5.77,77.50%,0.50%,,9.7,79.45%,1.38%,,9.7,11.29%,0.31%,,35.41%,64.59%,45.51%,54.49%
,,9.8,50.60%,0.87%,,5.78,77.00%,0.50%,,9.8,78.07%,1.38%,,9.8,11.59%,0.31%,,35.67%,64.34%,45.69%,54.32%
,,9.9,51.47%,0.87%,,5.79,76.50%,0.50%,,9.9,76.69%,1.38%,,9.9,11.90%,0.31%,,35.92%,64.08%,45.86%,54.14%
,,10,52.33%,0.87%,,5.8,76%,0.63%,,10,75.31%,1.38%,,10,12.20%,0.31%,,36.18%,63.82%,46.04%,53.96%
,,10.1,53.20%,0.87%,,5.81,75.37%,0.63%,,10.1,73.93%,1.38%,,10.1,12.51%,0.31%,,36.44%,63.57%,46.25%,53.75%
,,10.2,54.07%,0.87%,,5.82,74.73%,0.63%,,10.2,72.55%,1.38%,,10.2,12.81%,0.31%,,36.69%,63.31%,46.46%,53.54%
,,10.3,54.93%,0.87%,,5.83,74.10%,0.63%,,10.3,71.17%,1.38%,,10.3,13.12%,0.31%,,36.95%,63.05%,46.67%,53.33%
,,10.4,55.80%,0.87%,,5.84,73.47%,0.63%,,10.4,69.79%,1.38%,,10.4,13.42%,0.31%,,37.21%,62.80%,46.88%,53.12%
,,10.5,56.67%,0.87%,,5.85,72.83%,0.63%,,10.5,68.41%,1.38%,,10.5,13.73%,0.31%,,37.46%,62.54%,47.09%,52.91%
,,10.6,57.53%,0.87%,,5.86,72.20%,0.63%,,10.6,67.03%,1.38%,,10.6,14.03%,0.31%,,37.72%,62.28%,47.30%,52.70%
,,10.7,58.40%,0.87%,,5.87,71.57%,0.63%,,10.7,65.66%,1.38%,,10.7,14.34%,0.31%,,37.97%,62.03%,47.51%,52.49%
,,10.8,59.27%,0.87%,,5.88,70.93%,0.63%,,10.8,64.28%,1.38%,,10.8,14.64%,0.31%,,38.23%,61.78%,47.72%,52.28%
,,10.9,60.13%,0.87%,,5.89,70.30%,0.63%,,10.9,62.90%,1.38%,,10.9,14.95%,0.31%,,38.49%,61.52%,47.93%,52.07%
,,11,61.00%,0.87%,,5.9,69.67%,0.63%,,11,61.52%,1.38%,,11,15.25%,0.31%,,38.74%,61.26%,48.14%,51.86%
,,11.1,61.87%,0.87%,,5.91,69.03%,0.63%,,11.1,60.14%,1.38%,,11.1,15.56%,0.31%,,39.00%,61.01%,48.35%,51.65%
,,11.2,62.73%,0.87%,,5.92,68.40%,0.63%,,11.2,58.76%,1.38%,,11.2,15.86%,0.31%,,39.26%,60.75%,48.56%,51.44%
,,11.3,63.60%,0.87%,,5.93,67.77%,0.63%,,11.3,57.38%,1.38%,,11.3,16.17%,0.31%,,39.51%,60.49%,48.77%,51.23%
,,11.4,64.47%,0.87%,,5.94,67.13%,0.63%,,11.4,56%,1.56%,,11.4,16.47%,0.31%,,39.77%,60.24%,48.98%,51.02%
,,11.5,65.33%,0.87%,,5.95,66.50%,0.63%,,11.5,54.44%,1.56%,,11.5,16.78%,0.31%,,40.12%,59.89%,49.24%,50.76%
,,11.6,66.20%,0.87%,,5.96,65.87%,0.63%,,11.6,52.89%,1.56%,,11.6,17.08%,0.31%,,40.46%,59.55%,49.49%,50.51%
,,11.7,67.07%,0.87%,,5.97,65.23%,0.63%,,11.7,51.33%,1.56%,,11.7,17.39%,0.31%,,40.80%,59.20%,49.75%,50.26%
,,11.8,67.93%,0.87%,,5.98,64.60%,0.63%,,11.8,49.78%,1.56%,,11.8,17.69%,0.31%,,41.15%,58.86%,50.00%,50.00%
,,11.9,68.80%,0.87%,,5.99,63.97%,0.63%,,11.9,48.22%,1.56%,,11.9,18%,0.31%,,41.49%,58.51%,50.25%,49.75%
,,12,69.67%,0.87%,,6,63.33%,0.63%,,12,46.67%,1.56%,,12,18.31%,0.31%,,41.83%,58.17%,50.51%,49.50%
,,12.1,70.53%,0.87%,,6.01,62.70%,0.63%,,12.1,45.11%,1.56%,,12.1,18.62%,0.31%,,42.18%,57.82%,50.76%,49.24%
,,12.2,71.40%,0.87%,,6.02,62.07%,0.63%,,12.2,43.56%,1.56%,,12.2,18.93%,0.31%,,42.52%,57.48%,51.01%,48.99%
,,12.3,72.27%,0.87%,,6.03,61.43%,0.63%,,12.3,42.00%,1.56%,,12.3,19.24%,0.31%,,42.87%,57.14%,51.27%,48.74%
,,12.4,73.13%,0.87%,,6.04,60.80%,0.63%,,12.4,40.44%,1.56%,,12.4,19.56%,0.31%,,43.22%,56.79%,51.52%,48.48%
,,12.5,74.00%,0.87%,,6.05,60.17%,0.63%,,12.5,38.89%,1.56%,,12.5,19.87%,0.31%,,43.56%,56.45%,51.77%,48.23%
,,12.6,74.88%,0.88%,,6.06,59.53%,0.63%,,12.6,37.33%,1.56%,,12.6,20.18%,0.31%,,43.90%,56.11%,52.02%,47.98%
,,12.7,75.76%,0.88%,,6.07,58.90%,0.63%,,12.7,35.78%,1.56%,,12.7,20.49%,0.31%,,44.23%,55.77%,52.27%,47.73%
,,12.8,76.64%,0.88%,,6.08,58.27%,0.63%,,12.8,34.22%,1.56%,,12.8,20.80%,0.31%,,44.57%,55.43%,52.52%,47.48%
,,12.9,77.52%,0.88%,,6.09,57.63%,0.63%,,12.9,32.67%,1.56%,,12.9,21.11%,0.31%,,44.91%,55.10%,52.77%,47.23%
,,13,78.40%,0.88%,,6.1,57.00%,0.63%,,13,31.11%,1.56%,,13,21.42%,0.31%,,45.25%,54.76%,53.02%,46.98%
,,14,79.28%,0.88%,,6.11,56.37%,0.63%,,13.1,29.56%,1.56%,,13.1,21.73%,0.31%,,45.58%,54.42%,53.27%,46.74%
,,15,80.16%,0.88%,,6.12,55.73%,0.63%,,13.2,28.00%,1.56%,,13.2,22.04%,0.31%,,45.92%,54.08%,53.52%,46.48%
,,16,81.04%,0.88%,,6.13,55.10%,0.63%,,13.3,26.44%,1.56%,,13.3,22.36%,0.31%,,46.26%,53.74%,53.77%,46.24%
,,17,81.92%,0.88%,,6.14,54.47%,0.63%,,13.4,24.89%,1.56%,,13.4,22.67%,0.31%,,46.60%,53.41%,54.01%,45.99%
,,18,82.80%,0.88%,,6.15,53.83%,0.63%,,13.5,23.33%,1.56%,,13.5,22.98%,0.31%,,46.94%,53.07%,54.27%,45.74%
,,19,83.68%,0.88%,,6.16,53.20%,0.63%,,13.6,21.78%,1.56%,,13.6,23.29%,0.31%,,47.27%,52.73%,54.51%,45.49%
,,20,84.56%,0.88%,,6.17,52.57%,0.63%,,13.7,20.22%,1.56%,,13.7,23.60%,0.31%,,47.61%,52.39%,54.76%,45.24%
,,21,85.44%,0.88%,,6.18,51.93%,0.63%,,13.8,18.67%,1.56%,,13.8,23.91%,0.31%,,47.95%,52.06%,55.01%,44.99%
,,22,86.32%,0.88%,,6.19,51.30%,0.63%,,13.9,17.11%,1.56%,,13.9,24.22%,0.31%,,48.29%,51.72%,55.26%,44.74%
,,23,87.20%,0.88%,,6.2,50.67%,0.63%,,14,15.56%,1.56%,,14,24.53%,0.31%,,48.62%,51.38%,55.51%,44.49%
,,24,88.08%,0.88%,,6.21,50.03%,0.63%,,14.1,14.00%,1.56%,,14.1,24.84%,0.31%,,48.96%,51.04%,55.76%,44.24%
,,25,88.96%,0.88%,,6.22,49.40%,0.63%,,14.2,12.44%,1.56%,,14.2,25.16%,0.31%,,49.30%,50.70%,56.01%,43.99%
,,26,89.84%,0.88%,,6.23,48.77%,0.63%,,14.3,10.89%,1.56%,,14.3,25.47%,0.31%,,49.64%,50.37%,56.26%,43.74%
,,27,90.72%,0.88%,,6.24,48.13%,0.63%,,14.4,9.33%,1.56%,,14.4,25.78%,0.31%,,49.98%,50.03%,56.51%,43.49%
,,28,91.60%,0.88%,,6.25,47.50%,0.63%,,14.5,7.78%,1.56%,,14.5,26.09%,0.31%,,50.31%,49.69%,56.76%,43.24%
,,29,92.48%,0.88%,,6.26,46.87%,0.63%,,14.6,6.22%,1.56%,,14.6,26.40%,0.31%,,50.65%,49.35%,57.01%,42.99%
,,30,93.36%,0.88%,,6.27,46.23%,0.63%,,14.7,4.67%,1.56%,,14.7,26.71%,0.31%,,50.99%,49.02%,57.26%,42.74%
,,31,94.24%,0.88%,,6.28,45.60%,0.63%,,14.8,3.11%,1.56%,,14.8,27.02%,0.31%,,51.33%,48.68%,57.51%,42.49%
,,32,95.12%,0.88%,,6.29,44.97%,0.63%,,14.9,1.56%,1.56%,,14.9,27.33%,0.31%,,51.66%,48.34%,57.76%,42.25%
,,33,96.00%,0.88%,,6.3,44.33%,0.63%,,15,0%,-0.13%,,15,27.64%,0.31%,,52.00%,48.00%,58.01%,41.99%
,,,,,,6.31,43.70%,0.63%,,15.1,0.13%,0.13%,,15.1,27.96%,0.31%,,,,,
,,,,,,6.32,43.07%,0.63%,,15.2,0.27%,0.13%,,15.2,28.27%,0.31%,,,,,
,,,,,,6.33,42.43%,0.63%,,15.3,0.40%,0.13%,,15.3,28.58%,0.31%,,,,,
,,,,,,6.34,41.80%,0.63%,,15.4,0.54%,0.13%,,15.4,28.89%,0.31%,,,,,
,,,,,,6.35,41.17%,0.63%,,15.5,0.67%,0.13%,,15.5,29.20%,0.31%,,,,,
,,,,,,6.36,40.53%,0.63%,,15.6,0.81%,0.13%,,15.6,29.51%,0.31%,,,,,
,,,,,,6.37,39.90%,0.63%,,15.7,0.94%,0.13%,,15.7,29.82%,0.31%,,,,,
,,,,,,6.38,39.27%,0.63%,,15.8,1.07%,0.13%,,15.8,30.13%,0.31%,,,,,
,,,,,,6.39,38.63%,0.63%,,15.9,1.21%,0.13%,,15.9,30.44%,0.31%,,,,,
,,,,,,6.4,38.00%,0.63%,,16,1.34%,0.13%,,16,30.76%,0.31%,,,,,
,,,,,,6.41,37.37%,0.63%,,16.1,1.48%,0.13%,,16.1,31.07%,0.31%,,,,,
,,,,,,6.42,36.73%,0.63%,,16.2,1.61%,0.13%,,16.2,31.38%,0.31%,,,,,
,,,,,,6.43,36.10%,0.63%,,16.3,1.75%,0.13%,,16.3,31.69%,0.31%,,,,,
,,,,,,6.44,35.47%,0.63%,,16.4,1.88%,0.13%,,16.4,32.00%,0.31%,,,,,
,,,,,,6.45,34.83%,0.63%,,16.5,2.01%,0.13%,,16.5,32.31%,0.31%,,,,,
,,,,,,6.46,34.20%,0.63%,,16.6,2.15%,0.13%,,16.6,32.62%,0.31%,,,,,
,,,,,,6.47,33.57%,0.63%,,16.7,2.28%,0.13%,,16.7,32.93%,0.31%,,,,,
,,,,,,6.48,32.93%,0.63%,,16.8,2.42%,0.13%,,16.8,33.24%,0.31%,,,,,
,,,,,,6.49,32.30%,0.63%,,16.9,2.55%,0.13%,,16.9,33.56%,0.31%,,,,,
,,,,,,6.5,31.67%,0.63%,,17,2.69%,0.13%,,17,33.87%,0.31%,,,,,
,,,,,,6.51,31.03%,0.63%,,17.1,2.82%,0.13%,,17.1,34.18%,0.31%,,,,,
,,,,,,6.52,30.40%,0.63%,,17.2,2.96%,0.13%,,17.2,34.49%,0.31%,,,,,
,,,,,,6.53,29.77%,0.63%,,17.3,3.09%,0.13%,,17.3,34.80%,0.31%,,,,,
,,,,,,6.54,29.13%,0.63%,,17.4,3.22%,0.13%,,17.4,35.11%,0.31%,,,,,
,,,,,,6.55,28.50%,0.63%,,17.5,3.36%,0.13%,,17.5,35.42%,0.31%,,,,,
,,,,,,6.56,27.87%,0.63%,,17.6,3.49%,0.13%,,17.6,35.73%,0.31%,,,,,
,,,,,,6.57,27.23%,0.63%,,17.7,3.63%,0.13%,,17.7,36.04%,0.31%,,,,,
,,,,,,6.58,26.60%,0.63%,,17.8,3.76%,0.13%,,17.8,36.36%,0.31%,,,,,
,,,,,,6.59,25.97%,0.63%,,17.9,3.90%,0.13%,,17.9,36.67%,0.31%,,,,,
,,,,,,6.6,25.33%,0.63%,,18,4.03%,0.13%,,18,36.98%,0.31%,,,,,
,,,,,,6.61,24.70%,0.63%,,18.1,4.16%,0.13%,,18.1,37.29%,0.31%,,,,,
,,,,,,6.62,24.07%,0.63%,,18.2,4.30%,0.13%,,18.2,37.60%,0.31%,,,,,
,,,,,,6.63,23.43%,0.63%,,18.3,4.43%,0.13%,,18.3,37.91%,0.31%,,,,,
,,,,,,6.64,22.80%,0.63%,,18.4,4.57%,0.13%,,18.4,38.22%,0.31%,,,,,
,,,,,,6.65,22.17%,0.63%,,18.5,4.70%,0.13%,,18.5,38.53%,0.31%,,,,,
,,,,,,6.66,21.53%,0.63%,,18.6,4.84%,0.13%,,18.6,38.84%,0.31%,,,,,
,,,,,,6.67,20.90%,0.63%,,18.7,4.97%,0.13%,,18.7,39.16%,0.31%,,,,,
,,,,,,6.68,20.27%,0.63%,,18.8,5.10%,0.13%,,18.8,39.47%,0.31%,,,,,
,,,,,,6.69,19.63%,0.63%,,18.9,5.24%,0.13%,,18.9,39.78%,0.31%,,,,,
,,,,,,6.7,19.00%,0.63%,,19,5.37%,0.13%,,19,40.09%,0.31%,,,,,
,,,,,,6.71,18.37%,0.63%,,19.1,5.51%,0.13%,,19.1,40.40%,0.31%,,,,,
,,,,,,6.72,17.73%,0.63%,,19.2,5.64%,0.13%,,19.2,40.71%,0.31%,,,,,
,,,,,,6.73,17.10%,0.63%,,19.3,5.78%,0.13%,,19.3,41.02%,0.31%,,,,,
,,,,,,6.74,16.47%,0.63%,,19.4,5.91%,0.13%,,19.4,41.33%,0.31%,,,,,
,,,,,,6.75,15.83%,0.63%,,19.5,6.04%,0.13%,,19.5,41.64%,0.31%,,,,,
,,,,,,6.76,15.20%,0.63%,,19.6,6.18%,0.13%,,19.6,41.96%,0.31%,,,,,
,,,,,,6.77,14.57%,0.63%,,19.7,6.31%,0.13%,,19.7,42.27%,0.31%,,,,,
,,,,,,6.78,13.93%,0.63%,,19.8,6.45%,0.13%,,19.8,42.58%,0.31%,,,,,
,,,,,,6.79,13.30%,0.63%,,19.9,6.58%,0.13%,,19.9,42.89%,0.31%,,,,,
,,,,,,6.8,12.67%,0.63%,,20,6.72%,0.13%,,20,43.20%,0.31%,,,,,
,,,,,,6.81,12.03%,0.63%,,20.1,6.85%,0.13%,,20.1,43.51%,0.31%,,,,,
,,,,,,6.82,11.40%,0.63%,,20.2,6.99%,0.13%,,20.2,43.82%,0.31%,,,,,
,,,,,,6.83,10.77%,0.63%,,20.3,7.12%,0.13%,,20.3,44.13%,0.31%,,,,,
,,,,,,6.84,10.13%,0.63%,,20.4,7.25%,0.13%,,20.4,44.44%,0.31%,,,,,
,,,,,,6.85,9.50%,0.63%,,20.5,7.39%,0.13%,,20.5,44.76%,0.31%,,,,,
,,,,,,6.86,8.87%,0.63%,,20.6,7.52%,0.13%,,20.6,45.07%,0.31%,,,,,
,,,,,,6.87,8.23%,0.63%,,20.7,7.66%,0.13%,,20.7,45.38%,0.31%,,,,,
,,,,,,6.88,7.60%,0.63%,,20.8,7.79%,0.13%,,20.8,45.69%,0.31%,,,,,
,,,,,,6.89,6.97%,0.63%,,20.9,7.93%,0.13%,,20.9,46%,0.31%,,,,,
,,,,,,6.9,6.33%,0.63%,,21,8.06%,0.13%,,21,46.42%,0.42%,,,,,
,,,,,,6.91,5.70%,0.63%,,21.1,8.19%,0.13%,,21.1,46.85%,0.42%,,,,,
,,,,,,6.92,5.07%,0.63%,,21.2,8.33%,0.13%,,21.2,47.27%,0.42%,,,,,
,,,,,,6.93,4.43%,0.63%,,21.3,8.46%,0.13%,,21.3,47.69%,0.42%,,,,,
,,,,,,6.94,3.80%,0.63%,,21.4,8.60%,0.13%,,21.4,48.11%,0.42%,,,,,
,,,,,,6.95,3.17%,0.63%,,21.5,8.73%,0.13%,,21.5,48.54%,0.42%,,,,,
,,,,,,6.96,2.53%,0.63%,,21.6,8.87%,0.13%,,21.6,48.96%,0.42%,,,,,
,,,,,,6.97,1.90%,0.63%,,21.7,9.00%,0.13%,,21.7,49.38%,0.42%,,,,,
,,,,,,6.98,1.27%,0.63%,,21.8,9.13%,0.13%,,21.8,49.80%,0.42%,,,,,
,,,,,,6.99,0.63%,0.63%,,21.9,9.27%,0.13%,,21.9,50.23%,0.42%,,,,,
,,,,,,7,0.00%,-0.63%,,22,9.40%,0.13%,,22,50.65%,0.42%,,,,,
,,,,,,7.01,0.28%,0.28%,,22.1,9.54%,0.13%,,22.1,51.07%,0.42%,,,,,
,,,,,,7.02,0.56%,0.28%,,22.2,9.67%,0.13%,,22.2,51.49%,0.42%,,,,,
,,,,,,7.03,0.84%,0.28%,,22.3,9.81%,0.13%,,22.3,51.92%,0.42%,,,,,
,,,,,,7.04,1.11%,0.28%,,22.4,9.94%,0.13%,,22.4,52.34%,0.42%,,,,,
,,,,,,7.05,1.39%,0.28%,,22.5,10.07%,0.13%,,22.5,52.76%,0.42%,,,,,
,,,,,,7.06,1.67%,0.28%,,22.6,10.21%,0.13%,,22.6,53.18%,0.42%,,,,,
,,,,,,7.07,1.95%,0.28%,,22.7,10.34%,0.13%,,22.7,53.61%,0.42%,,,,,
,,,,,,7.08,2.23%,0.28%,,22.8,10.48%,0.13%,,22.8,54.03%,0.42%,,,,,
,,,,,,7.09,2.51%,0.28%,,22.9,10.61%,0.13%,,22.9,54.45%,0.42%,,,,,
,,,,,,7.1,2.78%,0.28%,,23,10.75%,0.13%,,23,54.87%,0.42%,,,,,
,,,,,,7.11,3.06%,0.28%,,23.1,10.88%,0.13%,,23.1,55.30%,0.42%,,,,,
,,,,,,7.12,3.34%,0.28%,,23.2,11.01%,0.13%,,23.2,55.72%,0.42%,,,,,
,,,,,,7.13,3.62%,0.28%,,23.3,11.15%,0.13%,,23.3,56.14%,0.42%,,,,,
,,,,,,7.14,3.90%,0.28%,,23.4,11.28%,0.13%,,23.4,56.56%,0.42%,,,,,
,,,,,,7.15,4.18%,0.28%,,23.5,11.42%,0.13%,,23.5,56.99%,0.42%,,,,,
,,,,,,7.16,4.46%,0.28%,,23.6,11.55%,0.13%,,23.6,57.41%,0.42%,,,,,
,,,,,,7.17,4.73%,0.28%,,23.7,11.69%,0.13%,,23.7,57.83%,0.42%,,,,,
,,,,,,7.18,5.01%,0.28%,,23.8,11.82%,0.13%,,23.8,58.25%,0.42%,,,,,
,,,,,,7.19,5.29%,0.28%,,23.9,11.96%,0.13%,,23.9,58.68%,0.42%,,,,,
,,,,,,7.2,5.57%,0.28%,,24,12.09%,0.13%,,24,59.10%,0.42%,,,,,
,,,,,,7.21,5.85%,0.28%,,24.1,12.22%,0.13%,,24.1,59.52%,0.42%,,,,,
,,,,,,7.22,6.13%,0.28%,,24.2,12.36%,0.13%,,24.2,59.94%,0.42%,,,,,
,,,,,,7.23,6.41%,0.28%,,24.3,12.49%,0.13%,,24.3,60.37%,0.42%,,,,,
,,,,,,7.24,6.68%,0.28%,,24.4,12.63%,0.13%,,24.4,60.79%,0.42%,,,,,
,,,,,,7.25,6.96%,0.28%,,24.5,12.76%,0.13%,,24.5,61.21%,0.42%,,,,,
,,,,,,7.26,7.24%,0.28%,,24.6,12.90%,0.13%,,24.6,61.63%,0.42%,,,,,
,,,,,,7.27,7.52%,0.28%,,24.7,13.03%,0.13%,,24.7,62.06%,0.42%,,,,,
,,,,,,7.28,7.80%,0.28%,,24.8,13.16%,0.13%,,24.8,62.48%,0.42%,,,,,
,,,,,,7.29,8.08%,0.28%,,24.9,13.30%,0.13%,,24.9,62.90%,0.42%,,,,,
,,,,,,7.3,8.35%,0.28%,,25,13.43%,0.13%,,25,63.32%,0.42%,,,,,
,,,,,,7.31,8.63%,0.28%,,25.1,13.57%,0.13%,,25.1,63.75%,0.42%,,,,,
,,,,,,7.32,8.91%,0.28%,,25.2,13.70%,0.13%,,25.2,64.17%,0.42%,,,,,
,,,,,,7.33,9.19%,0.28%,,25.3,13.84%,0.13%,,25.3,64.59%,0.42%,,,,,
,,,,,,7.34,9.47%,0.28%,,25.4,13.97%,0.13%,,25.4,65.01%,0.42%,,,,,
,,,,,,7.35,9.75%,0.28%,,25.5,14.10%,0.13%,,25.5,65.44%,0.42%,,,,,
,,,,,,7.36,10.03%,0.28%,,25.6,14.24%,0.13%,,25.6,65.86%,0.42%,,,,,
,,,,,,7.37,10.30%,0.28%,,25.7,14.37%,0.13%,,25.7,66.28%,0.42%,,,,,
,,,,,,7.38,10.58%,0.28%,,25.8,14.51%,0.13%,,25.8,66.70%,0.42%,,,,,
,,,,,,7.39,10.86%,0.28%,,25.9,14.64%,0.13%,,25.9,67.13%,0.42%,,,,,
,,,,,,7.4,11.14%,0.28%,,26,14.78%,0.13%,,26,67.55%,0.42%,,,,,
,,,,,,7.41,11.42%,0.28%,,26.1,14.91%,0.13%,,26.1,67.97%,0.42%,,,,,
,,,,,,7.42,11.70%,0.28%,,26.2,15.04%,0.13%,,26.2,68.39%,0.42%,,,,,
,,,,,,7.43,11.97%,0.28%,,26.3,15.18%,0.13%,,26.3,68.82%,0.42%,,,,,
,,,,,,7.44,12.25%,0.28%,,26.4,15.31%,0.13%,,26.4,69.24%,0.42%,,,,,
,,,,,,7.45,12.53%,0.28%,,26.5,15.45%,0.13%,,26.5,69.66%,0.42%,,,,,
,,,,,,7.46,12.81%,0.28%,,26.6,15.58%,0.13%,,26.6,70.08%,0.42%,,,,,
,,,,,,7.47,13.09%,0.28%,,26.7,15.72%,0.13%,,26.7,70.51%,0.42%,,,,,
,,,,,,7.48,13.37%,0.28%,,26.8,15.85%,0.13%,,26.8,70.93%,0.42%,,,,,
,,,,,,7.49,13.65%,0.28%,,26.9,15.99%,0.13%,,26.9,71.35%,0.42%,,,,,
,,,,,,7.5,13.92%,0.28%,,27,16.12%,0.13%,,27,71.77%,0.42%,,,,,
,,,,,,7.51,14.20%,0.28%,,27.1,16.25%,0.13%,,27.1,72.20%,0.42%,,,,,
,,,,,,7.52,14.48%,0.28%,,27.2,16.39%,0.13%,,27.2,72.62%,0.42%,,,,,
,,,,,,7.53,14.76%,0.28%,,27.3,16.52%,0.13%,,27.3,73.04%,0.42%,,,,,
,,,,,,7.54,15.04%,0.28%,,27.4,16.66%,0.13%,,27.4,73.46%,0.42%,,,,,
,,,,,,7.55,15.32%,0.28%,,27.5,16.79%,0.13%,,27.5,73.89%,0.42%,,,,,
,,,,,,7.56,15.59%,0.28%,,27.6,16.93%,0.13%,,27.6,74.31%,0.42%,,,,,
,,,,,,7.57,15.87%,0.28%,,27.7,17.06%,0.13%,,27.7,74.73%,0.42%,,,,,
,,,,,,7.58,16.15%,0.28%,,27.8,17.19%,0.13%,,27.8,75.15%,0.42%,,,,,
,,,,,,7.59,16.43%,0.28%,,27.9,17.33%,0.13%,,27.9,75.58%,0.42%,,,,,
,,,,,,7.6,16.71%,0.28%,,28,17.46%,0.13%,,28,76%,0.42%,,,,,
,,,,,,7.61,16.99%,0.28%,,28.1,17.60%,0.13%,,28.1,77.00%,1.00%,,,,,
,,,,,,7.62,17.27%,0.28%,,28.2,17.73%,0.13%,,28.2,78.00%,1.00%,,,,,
,,,,,,7.63,17.54%,0.28%,,28.3,17.87%,0.13%,,28.3,79.00%,1.00%,,,,,
,,,,,,7.64,17.82%,0.28%,,28.4,18%,0.13%,,28.4,80.00%,1.00%,,,,,
,,,,,,7.65,18.10%,0.28%,,28.5,18.19%,0.19%,,28.5,81.00%,1.00%,,,,,
,,,,,,7.66,18.38%,0.28%,,28.6,18.37%,0.19%,,28.6,82.00%,1.00%,,,,,
,,,,,,7.67,18.66%,0.28%,,28.7,18.56%,0.19%,,28.7,83.00%,1.00%,,,,,
,,,,,,7.68,18.94%,0.28%,,28.8,18.75%,0.19%,,28.8,84.00%,1.00%,,,,,
,,,,,,7.69,19.22%,0.28%,,28.9,18.93%,0.19%,,28.9,85.00%,1.00%,,,,,
,,,,,,7.7,19.49%,0.28%,,29,19.12%,0.19%,,29,86.00%,1.00%,,,,,
,,,,,,7.71,19.77%,0.28%,,29.1,19.31%,0.19%,,29.1,87.00%,1.00%,,,,,
,,,,,,7.72,20.05%,0.28%,,29.2,19.49%,0.19%,,29.2,88.00%,1.00%,,,,,
,,,,,,7.73,20.33%,0.28%,,29.3,19.68%,0.19%,,29.3,89.00%,1.00%,,,,,
,,,,,,7.74,20.61%,0.28%,,29.4,19.87%,0.19%,,29.4,90.00%,1.00%,,,,,
,,,,,,7.75,20.89%,0.28%,,29.5,20.05%,0.19%,,29.5,91.00%,1.00%,,,,,
,,,,,,7.76,21.16%,0.28%,,29.6,20.24%,0.19%,,29.6,92.00%,1.00%,,,,,
,,,,,,7.77,21.44%,0.28%,,29.7,20.43%,0.19%,,29.7,93.00%,1.00%,,,,,
,,,,,,7.78,21.72%,0.28%,,29.8,20.61%,0.19%,,29.8,94.00%,1.00%,,,,,
,,,,,,7.79,22%,0.28%,,29.9,20.80%,0.19%,,29.9,95.00%,1.00%,,,,,
,,,,,,7.8,22.32%,0.32%,,30,20.99%,0.19%,,30,96%,,,,,,
,,,,,,7.81,22.64%,0.32%,,30.1,21.17%,0.19%,,,,,,,,,
,,,,,,7.82,22.96%,0.32%,,30.2,21.36%,0.19%,,,,,,,,,
,,,,,,7.83,23.28%,0.32%,,30.3,21.55%,0.19%,,,,,,,,,
,,,,,,7.84,23.60%,0.32%,,30.4,21.73%,0.19%,,,,,,,,,
,,,,,,7.85,23.93%,0.32%,,30.5,21.92%,0.19%,,,,,,,,,
,,,,,,7.86,24.25%,0.32%,,30.6,22.11%,0.19%,,,,,,,,,
,,,,,,7.87,24.57%,0.32%,,30.7,22.29%,0.19%,,,,,,,,,
,,,,,,7.88,24.89%,0.32%,,30.8,22.48%,0.19%,,,,,,,,,
,,,,,,7.89,25.21%,0.32%,,30.9,22.67%,0.19%,,,,,,,,,
,,,,,,7.9,25.53%,0.32%,,31,22.85%,0.19%,,,,,,,,,
,,,,,,7.91,25.85%,0.32%,,31.1,23.04%,0.19%,,,,,,,,,
,,,,,,7.92,26.17%,0.32%,,31.2,23.23%,0.19%,,,,,,,,,
,,,,,,7.93,26.49%,0.32%,,31.3,23.41%,0.19%,,,,,,,,,
,,,,,,7.94,26.81%,0.32%,,31.4,23.60%,0.19%,,,,,,,,,
,,,,,,7.95,27.14%,0.32%,,31.5,23.79%,0.19%,,,,,,,,,
,,,,,,7.96,27.46%,0.32%,,31.6,23.97%,0.19%,,,,,,,,,
,,,,,,7.97,27.78%,0.32%,,31.7,24.16%,0.19%,,,,,,,,,
,,,,,,7.98,28.10%,0.32%,,31.8,24.35%,0.19%,,,,,,,,,
,,,,,,7.99,28.42%,0.32%,,31.9,24.53%,0.19%,,,,,,,,,
,,,,,,8,28.74%,0.32%,,32,24.72%,0.19%,,,,,,,,,
,,,,,,8.01,29.06%,0.32%,,32.1,24.91%,0.19%,,,,,,,,,
,,,,,,8.02,29.38%,0.32%,,32.2,25.09%,0.19%,,,,,,,,,
,,,,,,8.03,29.70%,0.32%,,32.3,25.28%,0.19%,,,,,,,,,
,,,,,,8.04,30.02%,0.32%,,32.4,25.47%,0.19%,,,,,,,,,
,,,,,,8.05,30.35%,0.32%,,32.5,25.65%,0.19%,,,,,,,,,
,,,,,,8.06,30.67%,0.32%,,32.6,25.84%,0.19%,,,,,,,,,
,,,,,,8.07,30.99%,0.32%,,32.7,26.03%,0.19%,,,,,,,,,
,,,,,,8.08,31.31%,0.32%,,32.8,26.21%,0.19%,,,,,,,,,
,,,,,,8.09,31.63%,0.32%,,32.9,26.40%,0.19%,,,,,,,,,
,,,,,,8.1,31.95%,0.32%,,33,26.59%,0.19%,,,,,,,,,
,,,,,,8.11,32.27%,0.32%,,33.1,26.77%,0.19%,,,,,,,,,
,,,,,,8.12,32.59%,0.32%,,33.2,26.96%,0.19%,,,,,,,,,
,,,,,,8.13,32.91%,0.32%,,33.3,27.15%,0.19%,,,,,,,,,
,,,,,,8.14,33.23%,0.32%,,33.4,27.33%,0.19%,,,,,,,,,
,,,,,,8.15,33.56%,0.32%,,33.5,27.52%,0.19%,,,,,,,,,
,,,,,,8.16,33.88%,0.32%,,33.6,27.71%,0.19%,,,,,,,,,
,,,,,,8.17,34.20%,0.32%,,33.7,27.89%,0.19%,,,,,,,,,
,,,,,,8.18,34.52%,0.32%,,33.8,28.08%,0.19%,,,,,,,,,
,,,,,,8.19,34.84%,0.32%,,33.9,28.27%,0.19%,,,,,,,,,
,,,,,,8.2,35.16%,0.32%,,34,28.45%,0.19%,,,,,,,,,
,,,,,,8.21,35.48%,0.32%,,34.1,28.64%,0.19%,,,,,,,,,
,,,,,,8.22,35.80%,0.32%,,34.2,28.83%,0.19%,,,,,,,,,
,,,,,,8.23,36.12%,0.32%,,34.3,29.01%,0.19%,,,,,,,,,
,,,,,,8.24,36.44%,0.32%,,34.4,29.20%,0.19%,,,,,,,,,
,,,,,,8.25,36.77%,0.32%,,34.5,29.39%,0.19%,,,,,,,,,
,,,,,,8.26,37.09%,0.32%,,34.6,29.57%,0.19%,,,,,,,,,
,,,,,,8.27,37.41%,0.32%,,34.7,29.76%,0.19%,,,,,,,,,
,,,,,,8.28,37.73%,0.32%,,34.8,29.95%,0.19%,,,,,,,,,
,,,,,,8.29,38.05%,0.32%,,34.9,30.13%,0.19%,,,,,,,,,
,,,,,,8.3,38.37%,0.32%,,35,30.32%,0.19%,,,,,,,,,
,,,,,,8.31,38.69%,0.32%,,35.1,30.51%,0.19%,,,,,,,,,
,,,,,,8.32,39.01%,0.32%,,35.2,30.69%,0.19%,,,,,,,,,
,,,,,,8.33,39.33%,0.32%,,35.3,30.88%,0.19%,,,,,,,,,
,,,,,,8.34,39.65%,0.32%,,35.4,31.07%,0.19%,,,,,,,,,
,,,,,,8.35,39.98%,0.32%,,35.5,31.25%,0.19%,,,,,,,,,
,,,,,,8.36,40.30%,0.32%,,35.6,31.44%,0.19%,,,,,,,,,
,,,,,,8.37,40.62%,0.32%,,35.7,31.63%,0.19%,,,,,,,,,
,,,,,,8.38,40.94%,0.32%,,35.8,31.81%,0.19%,,,,,,,,,
,,,,,,8.39,41.26%,0.32%,,35.9,32.00%,0.19%,,,,,,,,,
,,,,,,8.4,41.58%,0.32%,,36,32.19%,0.19%,,,,,,,,,
,,,,,,8.41,41.90%,0.32%,,36.1,32.37%,0.19%,,,,,,,,,
,,,,,,8.42,42.22%,0.32%,,36.2,32.56%,0.19%,,,,,,,,,
,,,,,,8.43,42.54%,0.32%,,36.3,32.75%,0.19%,,,,,,,,,
,,,,,,8.44,42.86%,0.32%,,36.4,32.93%,0.19%,,,,,,,,,
,,,,,,8.45,43.19%,0.32%,,36.5,33.12%,0.19%,,,,,,,,,
,,,,,,8.46,43.51%,0.32%,,36.6,33.31%,0.19%,,,,,,,,,
,,,,,,8.47,43.83%,0.32%,,36.7,33.49%,0.19%,,,,,,,,,
,,,,,,8.48,44.15%,0.32%,,36.8,33.68%,0.19%,,,,,,,,,
,,,,,,8.49,44.47%,0.32%,,36.9,33.87%,0.19%,,,,,,,,,
,,,,,,8.5,44.79%,0.32%,,37,34.05%,0.19%,,,,,,,,,
,,,,,,8.51,45.11%,0.32%,,37.1,34.24%,0.19%,,,,,,,,,
,,,,,,8.52,45.43%,0.32%,,37.2,34.43%,0.19%,,,,,,,,,
,,,,,,8.53,45.75%,0.32%,,37.3,34.61%,0.19%,,,,,,,,,
,,,,,,8.54,46.07%,0.32%,,37.4,34.80%,0.19%,,,,,,,,,
,,,,,,8.55,46.40%,0.32%,,37.5,34.99%,0.19%,,,,,,,,,
,,,,,,8.56,46.72%,0.32%,,37.6,35.17%,0.19%,,,,,,,,,
,,,,,,8.57,47.04%,0.32%,,37.7,35.36%,0.19%,,,,,,,,,
,,,,,,8.58,47.36%,0.32%,,37.8,35.55%,0.19%,,,,,,,,,
,,,,,,8.59,47.68%,0.32%,,37.9,35.73%,0.19%,,,,,,,,,
,,,,,,8.6,48.00%,0.32%,,38,35.92%,0.19%,,,,,,,,,
,,,,,,8.61,47.78%,0.22%,,38.1,36.11%,0.19%,,,,,,,,,
,,,,,,8.62,47.56%,0.22%,,38.2,36.29%,0.19%,,,,,,,,,
,,,,,,8.63,47.34%,0.22%,,38.3,36.48%,0.19%,,,,,,,,,
,,,,,,8.64,47.12%,0.22%,,38.4,36.67%,0.19%,,,,,,,,,
,,,,,,8.65,46.90%,0.22%,,38.5,36.85%,0.19%,,,,,,,,,
,,,,,,8.66,46.68%,0.22%,,38.6,37.04%,0.19%,,,,,,,,,
,,,,,,8.67,46.46%,0.22%,,38.7,37.23%,0.19%,,,,,,,,,
,,,,,,8.68,46.24%,0.22%,,38.8,37.41%,0.19%,,,,,,,,,
,,,,,,8.69,46.02%,0.22%,,38.9,37.60%,0.19%,,,,,,,,,
,,,,,,8.7,45.80%,0.22%,,39,37.79%,0.19%,,,,,,,,,
,,,,,,8.71,45.58%,0.22%,,39.1,37.97%,0.19%,,,,,,,,,
,,,,,,8.72,45.36%,0.22%,,39.2,38.16%,0.19%,,,,,,,,,
,,,,,,8.73,45.14%,0.22%,,39.3,38.35%,0.19%,,,,,,,,,
,,,,,,8.74,44.92%,0.22%,,39.4,38.53%,0.19%,,,,,,,,,
,,,,,,8.75,44.70%,0.22%,,39.5,38.72%,0.19%,,,,,,,,,
,,,,,,8.76,44.48%,0.22%,,39.6,38.91%,0.19%,,,,,,,,,
,,,,,,8.77,44.26%,0.22%,,39.7,39.09%,0.19%,,,,,,,,,
,,,,,,8.78,44.04%,0.22%,,39.8,39.28%,0.19%,,,,,,,,,
,,,,,,8.79,43.82%,0.22%,,39.9,39.47%,0.19%,,,,,,,,,
,,,,,,8.8,43.60%,0.22%,,40,39.65%,0.19%,,,,,,,,,
,,,,,,8.81,43.38%,0.22%,,40.1,39.84%,0.19%,,,,,,,,,
,,,,,,8.82,43.16%,0.22%,,40.2,40.03%,0.19%,,,,,,,,,
,,,,,,8.83,42.94%,0.22%,,40.3,40.21%,0.19%,,,,,,,,,
,,,,,,8.84,42.72%,0.22%,,40.4,40.40%,0.19%,,,,,,,,,
,,,,,,8.85,42.50%,0.22%,,40.5,40.59%,0.19%,,,,,,,,,
,,,,,,8.86,42.28%,0.22%,,40.6,40.77%,0.19%,,,,,,,,,
,,,,,,8.87,42.06%,0.22%,,40.7,40.96%,0.19%,,,,,,,,,
,,,,,,8.88,41.84%,0.22%,,40.8,41.15%,0.19%,,,,,,,,,
,,,,,,8.89,41.62%,0.22%,,40.9,41.33%,0.19%,,,,,,,,,
,,,,,,8.9,41.40%,0.22%,,41,41.52%,0.19%,,,,,,,,,
,,,,,,8.91,41.18%,0.22%,,41.1,41.71%,0.19%,,,,,,,,,
,,,,,,8.92,40.96%,0.22%,,41.2,41.89%,0.19%,,,,,,,,,
,,,,,,8.93,40.74%,0.22%,,41.3,42.08%,0.19%,,,,,,,,,
,,,,,,8.94,40.52%,0.22%,,41.4,42.27%,0.19%,,,,,,,,,
,,,,,,8.95,40.30%,0.22%,,41.5,42.45%,0.19%,,,,,,,,,
,,,,,,8.96,40.08%,0.22%,,41.6,42.64%,0.19%,,,,,,,,,
,,,,,,8.97,39.86%,0.22%,,41.7,42.83%,0.19%,,,,,,,,,
,,,,,,8.98,39.64%,0.22%,,41.8,43.01%,0.19%,,,,,,,,,
,,,,,,8.99,39.42%,0.22%,,41.9,43.20%,0.19%,,,,,,,,,
,,,,,,9,39.20%,0.22%,,42,43.39%,0.19%,,,,,,,,,
,,,,,,9.01,38.98%,0.22%,,42.1,43.57%,0.19%,,,,,,,,,
,,,,,,9.02,38.76%,0.22%,,42.2,43.76%,0.19%,,,,,,,,,
,,,,,,9.03,38.54%,0.22%,,42.3,43.95%,0.19%,,,,,,,,,
,,,,,,9.04,38.32%,0.22%,,42.4,44.13%,0.19%,,,,,,,,,
,,,,,,9.05,38.10%,0.22%,,42.5,44.32%,0.19%,,,,,,,,,
,,,,,,9.06,37.88%,0.22%,,42.6,44.51%,0.19%,,,,,,,,,
,,,,,,9.07,37.66%,0.22%,,42.7,44.69%,0.19%,,,,,,,,,
,,,,,,9.08,37.44%,0.22%,,42.8,44.88%,0.19%,,,,,,,,,
,,,,,,9.09,37.22%,0.22%,,42.9,45.07%,0.19%,,,,,,,,,
,,,,,,9.1,37.00%,0.22%,,43,45.25%,0.19%,,,,,,,,,
,,,,,,9.11,36.78%,0.22%,,43.1,45.44%,0.19%,,,,,,,,,
,,,,,,9.12,36.56%,0.22%,,43.2,45.63%,0.19%,,,,,,,,,
,,,,,,9.13,36.34%,0.22%,,43.3,45.81%,0.19%,,,,,,,,,
,,,,,,9.14,36.12%,0.22%,,43.4,46%,0.19%,,,,,,,,,
,,,,,,9.15,35.90%,0.22%,,43.5,46.08%,0.08%,,,,,,,,,
,,,,,,9.16,35.68%,0.22%,,43.6,46.15%,0.08%,,,,,,,,,
,,,,,,9.17,35.46%,0.22%,,43.7,46.23%,0.08%,,,,,,,,,
,,,,,,9.18,35.24%,0.22%,,43.8,46.31%,0.08%,,,,,,,,,
,,,,,,9.19,35.02%,0.22%,,43.9,46.38%,0.08%,,,,,,,,,
,,,,,,9.2,34.80%,0.22%,,44,46.46%,0.08%,,,,,,,,,
,,,,,,9.21,34.58%,0.22%,,44.1,46.53%,0.08%,,,,,,,,,
,,,,,,9.22,34.36%,0.22%,,44.2,46.61%,0.08%,,,,,,,,,
,,,,,,9.23,34.14%,0.22%,,44.3,46.69%,0.08%,,,,,,,,,
,,,,,,9.24,33.92%,0.22%,,44.4,46.76%,0.08%,,,,,,,,,
,,,,,,9.25,33.70%,0.22%,,44.5,46.84%,0.08%,,,,,,,,,
,,,,,,9.26,33.48%,0.22%,,44.6,46.92%,0.08%,,,,,,,,,
,,,,,,9.27,33.26%,0.22%,,44.7,46.99%,0.08%,,,,,,,,,
,,,,,,9.28,33.04%,0.22%,,44.8,47.07%,0.08%,,,,,,,,,
,,,,,,9.29,32.82%,0.22%,,44.9,47.15%,0.08%,,,,,,,,,
,,,,,,9.3,32.60%,0.22%,,45,47.22%,0.08%,,,,,,,,,
,,,,,,9.31,32.38%,0.22%,,45.1,47.30%,0.08%,,,,,,,,,
,,,,,,9.32,32.16%,0.22%,,45.2,47.37%,0.08%,,,,,,,,,
,,,,,,9.33,31.94%,0.22%,,45.3,47.45%,0.08%,,,,,,,,,
,,,,,,9.34,31.72%,0.22%,,45.4,47.53%,0.08%,,,,,,,,,
,,,,,,9.35,31.50%,0.22%,,45.5,47.60%,0.08%,,,,,,,,,
,,,,,,9.36,31.28%,0.22%,,45.6,47.68%,0.08%,,,,,,,,,
,,,,,,9.37,31.06%,0.22%,,45.7,47.76%,0.08%,,,,,,,,,
,,,,,,9.38,30.84%,0.22%,,45.8,47.83%,0.08%,,,,,,,,,
,,,,,,9.39,30.62%,0.22%,,45.9,47.91%,0.08%,,,,,,,,,
,,,,,,9.4,30.40%,0.22%,,46,47.98%,0.08%,,,,,,,,,
,,,,,,9.41,30.18%,0.22%,,46.1,48.06%,0.08%,,,,,,,,,
,,,,,,9.42,29.96%,0.22%,,46.2,48.14%,0.08%,,,,,,,,,
,,,,,,9.43,29.74%,0.22%,,46.3,48.21%,0.08%,,,,,,,,,
,,,,,,9.44,29.52%,0.22%,,46.4,48.29%,0.08%,,,,,,,,,
,,,,,,9.45,29.30%,0.22%,,46.5,48.37%,0.08%,,,,,,,,,
,,,,,,9.46,29.08%,0.22%,,46.6,48.44%,0.08%,,,,,,,,,
,,,,,,9.47,28.86%,0.22%,,46.7,48.52%,0.08%,,,,,,,,,
,,,,,,9.48,28.64%,0.22%,,46.8,48.60%,0.08%,,,,,,,,,
,,,,,,9.49,28.42%,0.22%,,46.9,48.67%,0.08%,,,,,,,,,
,,,,,,9.5,28.20%,0.22%,,47,48.75%,0.08%,,,,,,,,,
,,,,,,9.51,27.98%,0.22%,,47.1,48.82%,0.08%,,,,,,,,,
,,,,,,9.52,27.76%,0.22%,,47.2,48.90%,0.08%,,,,,,,,,
,,,,,,9.53,27.54%,0.22%,,47.3,48.98%,0.08%,,,,,,,,,
,,,,,,9.54,27.32%,0.22%,,47.4,49.05%,0.08%,,,,,,,,,
,,,,,,9.55,27.10%,0.22%,,47.5,49.13%,0.08%,,,,,,,,,
,,,,,,9.56,26.88%,0.22%,,47.6,49.21%,0.08%,,,,,,,,,
,,,,,,9.57,26.66%,0.22%,,47.7,49.28%,0.08%,,,,,,,,,
,,,,,,9.58,26.44%,0.22%,,47.8,49.36%,0.08%,,,,,,,,,
,,,,,,9.59,26.22%,0.22%,,47.9,49.44%,0.08%,,,,,,,,,
,,,,,,9.6,26.00%,0.22%,,48,49.51%,0.08%,,,,,,,,,
,,,,,,9.61,25.78%,0.22%,,48.1,49.59%,0.08%,,,,,,,,,
,,,,,,9.62,25.56%,0.22%,,48.2,49.66%,0.08%,,,,,,,,,
,,,,,,9.63,25.34%,0.22%,,48.3,49.74%,0.08%,,,,,,,,,
,,,,,,9.64,25.12%,0.22%,,48.4,49.82%,0.08%,,,,,,,,,
,,,,,,9.65,24.90%,0.22%,,48.5,49.89%,0.08%,,,,,,,,,
,,,,,,9.66,24.68%,0.22%,,48.6,49.97%,0.08%,,,,,,,,,
,,,,,,9.67,24.46%,0.22%,,48.7,50.05%,0.08%,,,,,,,,,
,,,,,,9.68,24.24%,0.22%,,48.8,50.12%,0.08%,,,,,,,,,
,,,,,,9.69,24.02%,0.22%,,48.9,50.20%,0.08%,,,,,,,,,
,,,,,,9.7,23.80%,0.22%,,49,50.27%,0.08%,,,,,,,,,
,,,,,,9.71,23.58%,0.22%,,49.1,50.35%,0.08%,,,,,,,,,
,,,,,,9.72,23.36%,0.22%,,49.2,50.43%,0.08%,,,,,,,,,
,,,,,,9.73,23.14%,0.22%,,49.3,50.50%,0.08%,,,,,,,,,
,,,,,,9.74,22.92%,0.22%,,49.4,50.58%,0.08%,,,,,,,,,
,,,,,,9.75,22.70%,0.22%,,49.5,50.66%,0.08%,,,,,,,,,
,,,,,,9.76,22.48%,0.22%,,49.6,50.73%,0.08%,,,,,,,,,
,,,,,,9.77,22.26%,0.22%,,49.7,50.81%,0.08%,,,,,,,,,
,,,,,,9.78,22.04%,0.22%,,49.8,50.89%,0.08%,,,,,,,,,
,,,,,,9.79,21.82%,0.22%,,49.9,50.96%,0.08%,,,,,,,,,
,,,,,,9.8,21.60%,0.22%,,50,51.04%,0.08%,,,,,,,,,
,,,,,,9.81,21.38%,0.22%,,50.1,51.11%,0.08%,,,,,,,,,
,,,,,,9.82,21.16%,0.22%,,50.2,51.19%,0.08%,,,,,,,,,
,,,,,,9.83,20.94%,0.22%,,50.3,51.27%,0.08%,,,,,,,,,
,,,,,,9.84,20.72%,0.22%,,50.4,51.34%,0.08%,,,,,,,,,
,,,,,,9.85,20.50%,0.22%,,50.5,51.42%,0.08%,,,,,,,,,
,,,,,,9.86,20.28%,0.22%,,50.6,51.50%,0.08%,,,,,,,,,
,,,,,,9.87,20.06%,0.22%,,50.7,51.57%,0.08%,,,,,,,,,
,,,,,,9.88,19.84%,0.22%,,50.8,51.65%,0.08%,,,,,,,,,
,,,,,,9.89,19.62%,0.22%,,50.9,51.73%,0.08%,,,,,,,,,
,,,,,,9.9,19.40%,0.22%,,51,51.80%,0.08%,,,,,,,,,
,,,,,,9.91,19.18%,0.22%,,51.1,51.88%,0.08%,,,,,,,,,
,,,,,,9.92,18.96%,0.22%,,51.2,51.95%,0.08%,,,,,,,,,
,,,,,,9.93,18.74%,0.22%,,51.3,52.03%,0.08%,,,,,,,,,
,,,,,,9.94,18.52%,0.22%,,51.4,52.11%,0.08%,,,,,,,,,
,,,,,,9.95,18.30%,0.22%,,51.5,52.18%,0.08%,,,,,,,,,
,,,,,,9.96,18.08%,0.22%,,51.6,52.26%,0.08%,,,,,,,,,
,,,,,,9.97,17.86%,0.22%,,51.7,52.34%,0.08%,,,,,,,,,
,,,,,,9.98,17.64%,0.22%,,51.8,52.41%,0.08%,,,,,,,,,
,,,,,,9.99,17.42%,0.22%,,51.9,52.49%,0.08%,,,,,,,,,
,,,,,,10,17.20%,0.22%,,52,52.56%,0.08%,,,,,,,,,
,,,,,,,,,,52.1,52.64%,0.08%,,,,,,,,,
,,,,,,,,,,52.2,52.72%,0.08%,,,,,,,,,
,,,,,,,,,,52.3,52.79%,0.08%,,,,,,,,,
,,,,,,,,,,52.4,52.87%,0.08%,,,,,,,,,
,,,,,,,,,,52.5,52.95%,0.08%,,,,,,,,,
,,,,,,,,,,52.6,53.02%,0.08%,,,,,,,,,
,,,,,,,,,,52.7,53.10%,0.08%,,,,,,,,,
,,,,,,,,,,52.8,53.18%,0.08%,,,,,,,,,
,,,,,,,,,,52.9,53.25%,0.08%,,,,,,,,,
,,,,,,,,,,53,53.33%,0.08%,,,,,,,,,
,,,,,,,,,,53.1,53.40%,0.08%,,,,,,,,,
,,,,,,,,,,53.2,53.48%,0.08%,,,,,,,,,
,,,,,,,,,,53.3,53.56%,0.08%,,,,,,,,,
,,,,,,,,,,53.4,53.63%,0.08%,,,,,,,,,
,,,,,,,,,,53.5,53.71%,0.08%,,,,,,,,,
,,,,,,,,,,53.6,53.79%,0.08%,,,,,,,,,
,,,,,,,,,,53.7,53.86%,0.08%,,,,,,,,,
,,,,,,,,,,53.8,53.94%,0.08%,,,,,,,,,
,,,,,,,,,,53.9,54.02%,0.08%,,,,,,,,,
,,,,,,,,,,54,54.09%,0.08%,,,,,,,,,
,,,,,,,,,,54.1,54.17%,0.08%,,,,,,,,,
,,,,,,,,,,54.2,54.24%,0.08%,,,,,,,,,
,,,,,,,,,,54.3,54.32%,0.08%,,,,,,,,,
,,,,,,,,,,54.4,54.40%,0.08%,,,,,,,,,
,,,,,,,,,,54.5,54.47%,0.08%,,,,,,,,,
,,,,,,,,,,54.6,54.55%,0.08%,,,,,,,,,
,,,,,,,,,,54.7,54.63%,0.08%,,,,,,,,,
,,,,,,,,,,54.8,54.70%,0.08%,,,,,,,,,
,,,,,,,,,,54.9,54.78%,0.08%,,,,,,,,,
,,,,,,,,,,55,54.85%,0.08%,,,,,,,,,
,,,,,,,,,,55.1,54.93%,0.08%,,,,,,,,,
,,,,,,,,,,55.2,55.01%,0.08%,,,,,,,,,
,,,,,,,,,,55.3,55.08%,0.08%,,,,,,,,,
,,,,,,,,,,55.4,55.16%,0.08%,,,,,,,,,
,,,,,,,,,,55.5,55.24%,0.08%,,,,,,,,,
,,,,,,,,,,55.6,55.31%,0.08%,,,,,,,,,
,,,,,,,,,,55.7,55.39%,0.08%,,,,,,,,,
,,,,,,,,,,55.8,55.47%,0.08%,,,,,,,,,
,,,,,,,,,,55.9,55.54%,0.08%,,,,,,,,,
,,,,,,,,,,56,55.62%,0.08%,,,,,,,,,
,,,,,,,,,,56.1,55.69%,0.08%,,,,,,,,,
,,,,,,,,,,56.2,55.77%,0.08%,,,,,,,,,
,,,,,,,,,,56.3,55.85%,0.08%,,,,,,,,,
,,,,,,,,,,56.4,56%,0.15%,,,,,,,,,
,,,,,,,,,,56.5,56.12%,0.13%,,,,,,,,,
,,,,,,,,,,56.6,56.25%,0.13%,,,,,,,,,
,,,,,,,,,,56.7,56.37%,0.13%,,,,,,,,,
,,,,,,,,,,56.8,56.50%,0.13%,,,,,,,,,
,,,,,,,,,,56.9,56.62%,0.13%,,,,,,,,,
,,,,,,,,,,57,56.75%,0.13%,,,,,,,,,
,,,,,,,,,,57.1,56.87%,0.13%,,,,,,,,,
,,,,,,,,,,57.2,57.00%,0.13%,,,,,,,,,
,,,,,,,,,,57.3,57.12%,0.13%,,,,,,,,,
,,,,,,,,,,57.4,57.25%,0.13%,,,,,,,,,
,,,,,,,,,,57.5,57.37%,0.13%,,,,,,,,,
,,,,,,,,,,57.6,57.50%,0.13%,,,,,,,,,
,,,,,,,,,,57.7,57.62%,0.13%,,,,,,,,,
,,,,,,,,,,57.8,57.74%,0.13%,,,,,,,,,
,,,,,,,,,,57.9,57.87%,0.13%,,,,,,,,,
,,,,,,,,,,58,57.99%,0.13%,,,,,,,,,
,,,,,,,,,,58.1,58.12%,0.13%,,,,,,,,,
,,,,,,,,,,58.2,58.24%,0.13%,,,,,,,,,
,,,,,,,,,,58.3,58.37%,0.13%,,,,,,,,,
,,,,,,,,,,58.4,58.49%,0.13%,,,,,,,,,
,,,,,,,,,,58.5,58.62%,0.13%,,,,,,,,,
,,,,,,,,,,58.6,58.74%,0.13%,,,,,,,,,
,,,,,,,,,,58.7,58.87%,0.13%,,,,,,,,,
,,,,,,,,,,58.8,58.99%,0.13%,,,,,,,,,
,,,,,,,,,,58.9,59.12%,0.13%,,,,,,,,,
,,,,,,,,,,59,59.24%,0.13%,,,,,,,,,
,,,,,,,,,,59.1,59.36%,0.13%,,,,,,,,,
,,,,,,,,,,59.2,59.49%,0.13%,,,,,,,,,
,,,,,,,,,,59.3,59.61%,0.13%,,,,,,,,,
,,,,,,,,,,59.4,59.74%,0.13%,,,,,,,,,
,,,,,,,,,,59.5,59.86%,0.13%,,,,,,,,,
,,,,,,,,,,59.6,59.99%,0.13%,,,,,,,,,
,,,,,,,,,,59.7,60.11%,0.13%,,,,,,,,,
,,,,,,,,,,59.8,60.24%,0.13%,,,,,,,,,
,,,,,,,,,,59.9,60.36%,0.13%,,,,,,,,,
,,,,,,,,,,60,60.49%,0.13%,,,,,,,,,
,,,,,,,,,,60.1,60.61%,0.13%,,,,,,,,,
,,,,,,,,,,60.2,60.74%,0.13%,,,,,,,,,
,,,,,,,,,,60.3,60.86%,0.13%,,,,,,,,,
,,,,,,,,,,60.4,60.98%,0.13%,,,,,,,,,
,,,,,,,,,,60.5,61.11%,0.13%,,,,,,,,,
,,,,,,,,,,60.6,61.23%,0.13%,,,,,,,,,
,,,,,,,,,,60.7,61.36%,0.13%,,,,,,,,,
,,,,,,,,,,60.8,61.48%,0.13%,,,,,,,,,
,,,,,,,,,,60.9,61.61%,0.13%,,,,,,,,,
,,,,,,,,,,61,61.73%,0.13%,,,,,,,,,
,,,,,,,,,,61.1,61.86%,0.13%,,,,,,,,,
,,,,,,,,,,61.2,61.98%,0.13%,,,,,,,,,
,,,,,,,,,,61.3,62.11%,0.13%,,,,,,,,,
,,,,,,,,,,61.4,62.23%,0.13%,,,,,,,,,
,,,,,,,,,,61.5,62.36%,0.13%,,,,,,,,,
,,,,,,,,,,61.6,62.48%,0.13%,,,,,,,,,
,,,,,,,,,,61.7,62.60%,0.13%,,,,,,,,,
,,,,,,,,,,61.8,62.73%,0.13%,,,,,,,,,
,,,,,,,,,,61.9,62.85%,0.13%,,,,,,,,,
,,,,,,,,,,62,62.98%,0.13%,,,,,,,,,
,,,,,,,,,,62.1,63.10%,0.13%,,,,,,,,,
,,,,,,,,,,62.2,63.23%,0.13%,,,,,,,,,
,,,,,,,,,,62.3,63.35%,0.13%,,,,,,,,,
,,,,,,,,,,62.4,63.48%,0.13%,,,,,,,,,
,,,,,,,,,,62.5,63.60%,0.13%,,,,,,,,,
,,,,,,,,,,62.6,63.73%,0.13%,,,,,,,,,
,,,,,,,,,,62.7,63.85%,0.13%,,,,,,,,,
,,,,,,,,,,62.8,63.98%,0.13%,,,,,,,,,
,,,,,,,,,,62.9,64.10%,0.13%,,,,,,,,,
,,,,,,,,,,63,64.22%,0.13%,,,,,,,,,
,,,,,,,,,,63.1,64.35%,0.13%,,,,,,,,,
,,,,,,,,,,63.2,64.47%,0.13%,,,,,,,,,
,,,,,,,,,,63.3,64.60%,0.13%,,,,,,,,,
,,,,,,,,,,63.4,64.72%,0.13%,,,,,,,,,
,,,,,,,,,,63.5,64.85%,0.13%,,,,,,,,,
,,,,,,,,,,63.6,64.97%,0.13%,,,,,,,,,
,,,,,,,,,,63.7,65.10%,0.13%,,,,,,,,,
,,,,,,,,,,63.8,65.22%,0.13%,,,,,,,,,
,,,,,,,,,,63.9,65.35%,0.13%,,,,,,,,,
,,,,,,,,,,64,65.47%,0.13%,,,,,,,,,
,,,,,,,,,,64.1,65.60%,0.13%,,,,,,,,,
,,,,,,,,,,64.2,65.72%,0.13%,,,,,,,,,
,,,,,,,,,,64.3,65.84%,0.13%,,,,,,,,,
,,,,,,,,,,64.4,65.97%,0.13%,,,,,,,,,
,,,,,,,,,,64.5,66.09%,0.13%,,,,,,,,,
,,,,,,,,,,64.6,66.22%,0.13%,,,,,,,,,
,,,,,,,,,,64.7,66.34%,0.13%,,,,,,,,,
,,,,,,,,,,64.8,66.47%,0.13%,,,,,,,,,
,,,,,,,,,,64.9,66.59%,0.13%,,,,,,,,,
,,,,,,,,,,65,66.72%,0.13%,,,,,,,,,
,,,,,,,,,,65.1,66.84%,0.13%,,,,,,,,,
,,,,,,,,,,65.2,66.97%,0.13%,,,,,,,,,
,,,,,,,,,,65.3,67.09%,0.13%,,,,,,,,,
,,,,,,,,,,65.4,67.21%,0.13%,,,,,,,,,
,,,,,,,,,,65.5,67.34%,0.13%,,,,,,,,,
,,,,,,,,,,65.6,67.46%,0.13%,,,,,,,,,
,,,,,,,,,,65.7,67.59%,0.13%,,,,,,,,,
,,,,,,,,,,65.8,67.71%,0.13%,,,,,,,,,
,,,,,,,,,,65.9,67.84%,0.13%,,,,,,,,,
,,,,,,,,,,66,67.96%,0.13%,,,,,,,,,
,,,,,,,,,,66.1,68.09%,0.13%,,,,,,,,,
,,,,,,,,,,66.2,68.21%,0.13%,,,,,,,,,
,,,,,,,,,,66.3,68.34%,0.13%,,,,,,,,,
,,,,,,,,,,66.4,68.46%,0.13%,,,,,,,,,
,,,,,,,,,,66.5,68.59%,0.13%,,,,,,,,,
,,,,,,,,,,66.6,68.71%,0.13%,,,,,,,,,
,,,,,,,,,,66.7,68.83%,0.13%,,,,,,,,,
,,,,,,,,,,66.8,68.96%,0.13%,,,,,,,,,
,,,,,,,,,,66.9,69.08%,0.13%,,,,,,,,,
,,,,,,,,,,67,69.21%,0.13%,,,,,,,,,
,,,,,,,,,,67.1,69.33%,0.13%,,,,,,,,,
,,,,,,,,,,67.2,69.46%,0.13%,,,,,,,,,
,,,,,,,,,,67.3,69.58%,0.13%,,,,,,,,,
,,,,,,,,,,67.4,69.71%,0.13%,,,,,,,,,
,,,,,,,,,,67.5,69.83%,0.13%,,,,,,,,,
,,,,,,,,,,67.6,69.96%,0.13%,,,,,,,,,
,,,,,,,,,,67.7,70.08%,0.13%,,,,,,,,,
,,,,,,,,,,67.8,70.21%,0.13%,,,,,,,,,
,,,,,,,,,,67.9,70.33%,0.13%,,,,,,,,,
,,,,,,,,,,68,70.45%,0.13%,,,,,,,,,
,,,,,,,,,,68.1,70.58%,0.13%,,,,,,,,,
,,,,,,,,,,68.2,70.70%,0.13%,,,,,,,,,
,,,,,,,,,,68.3,70.83%,0.13%,,,,,,,,,
,,,,,,,,,,68.4,70.95%,0.13%,,,,,,,,,
,,,,,,,,,,68.5,71.08%,0.13%,,,,,,,,,
,,,,,,,,,,68.6,71.20%,0.13%,,,,,,,,,
,,,,,,,,,,68.7,71.33%,0.13%,,,,,,,,,
,,,,,,,,,,68.8,71.45%,0.13%,,,,,,,,,
,,,,,,,,,,68.9,71.58%,0.13%,,,,,,,,,
,,,,,,,,,,69,71.70%,0.13%,,,,,,,,,
,,,,,,,,,,69.1,71.83%,0.13%,,,,,,,,,
,,,,,,,,,,69.2,71.95%,0.13%,,,,,,,,,
,,,,,,,,,,69.3,72.07%,0.13%,,,,,,,,,
,,,,,,,,,,69.4,72.20%,0.13%,,,,,,,,,
,,,,,,,,,,69.5,72.32%,0.13%,,,,,,,,,
,,,,,,,,,,69.6,72.45%,0.13%,,,,,,,,,
,,,,,,,,,,69.7,72.57%,0.13%,,,,,,,,,
,,,,,,,,,,69.8,72.70%,0.13%,,,,,,,,,
,,,,,,,,,,69.9,72.82%,0.13%,,,,,,,,,
,,,,,,,,,,70,72.95%,0.13%,,,,,,,,,
,,,,,,,,,,70.1,73.07%,0.13%,,,,,,,,,
,,,,,,,,,,70.2,73.20%,0.13%,,,,,,,,,
,,,,,,,,,,70.3,73.32%,0.13%,,,,,,,,,
,,,,,,,,,,70.4,73.45%,0.13%,,,,,,,,,
,,,,,,,,,,70.5,73.57%,0.13%,,,,,,,,,
,,,,,,,,,,70.6,73.69%,0.13%,,,,,,,,,
,,,,,,,,,,70.7,73.82%,0.13%,,,,,,,,,
,,,,,,,,,,70.8,73.94%,0.13%,,,,,,,,,
,,,,,,,,,,70.9,74.07%,0.13%,,,,,,,,,
,,,,,,,,,,71,74.19%,0.13%,,,,,,,,,
,,,,,,,,,,71.1,74.32%,0.13%,,,,,,,,,
,,,,,,,,,,71.2,74.44%,0.13%,,,,,,,,,
,,,,,,,,,,71.3,74.57%,0.13%,,,,,,,,,
,,,,,,,,,,71.4,74.69%,0.13%,,,,,,,,,
,,,,,,,,,,71.5,74.82%,0.13%,,,,,,,,,
,,,,,,,,,,71.6,74.94%,0.13%,,,,,,,,,
,,,,,,,,,,71.7,75.07%,0.13%,,,,,,,,,
,,,,,,,,,,71.8,75.19%,0.13%,,,,,,,,,
,,,,,,,,,,71.9,75.31%,0.13%,,,,,,,,,
,,,,,,,,,,72,75.44%,0.13%,,,,,,,,,
,,,,,,,,,,72.1,75.56%,0.13%,,,,,,,,,
,,,,,,,,,,72.2,75.69%,0.13%,,,,,,,,,
,,,,,,,,,,72.3,75.81%,0.13%,,,,,,,,,
,,,,,,,,,,72.4,75.94%,0.13%,,,,,,,,,
,,,,,,,,,,72.5,76.06%,0.13%,,,,,,,,,
,,,,,,,,,,72.6,76.19%,0.13%,,,,,,,,,
,,,,,,,,,,72.7,76.31%,0.13%,,,,,,,,,
,,,,,,,,,,72.8,76.44%,0.13%,,,,,,,,,
,,,,,,,,,,72.9,76.56%,0.13%,,,,,,,,,
,,,,,,,,,,73,76.69%,0.13%,,,,,,,,,
,,,,,,,,,,73.1,76.81%,0.13%,,,,,,,,,
,,,,,,,,,,73.2,76.93%,0.13%,,,,,,,,,
,,,,,,,,,,73.3,77.06%,0.13%,,,,,,,,,
,,,,,,,,,,73.4,77.18%,0.13%,,,,,,,,,
,,,,,,,,,,73.5,77.31%,0.13%,,,,,,,,,
,,,,,,,,,,73.6,77.43%,0.13%,,,,,,,,,
,,,,,,,,,,73.7,77.56%,0.13%,,,,,,,,,
,,,,,,,,,,73.8,77.68%,0.13%,,,,,,,,,
,,,,,,,,,,73.9,77.81%,0.13%,,,,,,,,,
,,,,,,,,,,74,77.93%,0.13%,,,,,,,,,
,,,,,,,,,,74.1,78.06%,0.13%,,,,,,,,,
,,,,,,,,,,74.2,78.18%,0.13%,,,,,,,,,
,,,,,,,,,,74.3,78.31%,0.13%,,,,,,,,,
,,,,,,,,,,74.4,78.43%,0.13%,,,,,,,,,
,,,,,,,,,,74.5,78.55%,0.13%,,,,,,,,,
,,,,,,,,,,74.6,78.68%,0.13%,,,,,,,,,
,,,,,,,,,,74.7,78.80%,0.13%,,,,,,,,,
,,,,,,,,,,74.8,78.93%,0.13%,,,,,,,,,
,,,,,,,,,,74.9,79.05%,0.13%,,,,,,,,,
,,,,,,,,,,75,79.18%,0.13%,,,,,,,,,
,,,,,,,,,,75.1,79.30%,0.13%,,,,,,,,,
,,,,,,,,,,75.2,79.43%,0.13%,,,,,,,,,
,,,,,,,,,,75.3,79.55%,0.13%,,,,,,,,,
,,,,,,,,,,75.4,79.68%,0.13%,,,,,,,,,
,,,,,,,,,,75.5,79.80%,0.13%,,,,,,,,,
,,,,,,,,,,75.6,79.93%,0.13%,,,,,,,,,
,,,,,,,,,,75.7,80.05%,0.13%,,,,,,,,,
,,,,,,,,,,75.8,80.17%,0.13%,,,,,,,,,
,,,,,,,,,,75.9,80.30%,0.13%,,,,,,,,,
,,,,,,,,,,76,80.42%,0.13%,,,,,,,,,
,,,,,,,,,,76.1,80.55%,0.13%,,,,,,,,,
,,,,,,,,,,76.2,80.67%,0.13%,,,,,,,,,
,,,,,,,,,,76.3,80.80%,0.13%,,,,,,,,,
,,,,,,,,,,76.4,80.92%,0.13%,,,,,,,,,
,,,,,,,,,,76.5,81.05%,0.13%,,,,,,,,,
,,,,,,,,,,76.6,81.17%,0.13%,,,,,,,,,
,,,,,,,,,,76.7,81.30%,0.13%,,,,,,,,,
,,,,,,,,,,76.8,81.42%,0.13%,,,,,,,,,
,,,,,,,,,,76.9,81.55%,0.13%,,,,,,,,,
,,,,,,,,,,77,81.67%,0.13%,,,,,,,,,
,,,,,,,,,,77.1,81.79%,0.13%,,,,,,,,,
,,,,,,,,,,77.2,81.92%,0.13%,,,,,,,,,
,,,,,,,,,,77.3,82.04%,0.13%,,,,,,,,,
,,,,,,,,,,77.4,82.17%,0.13%,,,,,,,,,
,,,,,,,,,,77.5,82.29%,0.13%,,,,,,,,,
,,,,,,,,,,77.6,82.42%,0.13%,,,,,,,,,
,,,,,,,,,,77.7,82.54%,0.13%,,,,,,,,,
,,,,,,,,,,77.8,82.67%,0.13%,,,,,,,,,
,,,,,,,,,,77.9,82.79%,0.13%,,,,,,,,,
,,,,,,,,,,78,82.92%,0.13%,,,,,,,,,
,,,,,,,,,,78.1,83.04%,0.13%,,,,,,,,,
,,,,,,,,,,78.2,83.17%,0.13%,,,,,,,,,
,,,,,,,,,,78.3,83.29%,0.13%,,,,,,,,,
,,,,,,,,,,78.4,83.41%,0.13%,,,,,,,,,
,,,,,,,,,,78.5,83.54%,0.13%,,,,,,,,,
,,,,,,,,,,78.6,83.66%,0.13%,,,,,,,,,
,,,,,,,,,,78.7,83.79%,0.13%,,,,,,,,,
,,,,,,,,,,78.8,83.91%,0.13%,,,,,,,,,
,,,,,,,,,,78.9,84.04%,0.13%,,,,,,,,,
,,,,,,,,,,79,84.16%,0.13%,,,,,,,,,
,,,,,,,,,,79.1,84.29%,0.13%,,,,,,,,,
,,,,,,,,,,79.2,84.41%,0.13%,,,,,,,,,
,,,,,,,,,,79.3,84.54%,0.13%,,,,,,,,,
,,,,,,,,,,79.4,84.66%,0.13%,,,,,,,,,
,,,,,,,,,,79.5,84.79%,0.13%,,,,,,,,,
,,,,,,,,,,79.6,84.91%,0.13%,,,,,,,,,
,,,,,,,,,,79.7,85.03%,0.13%,,,,,,,,,
,,,,,,,,,,79.8,85.16%,0.13%,,,,,,,,,
,,,,,,,,,,79.9,85.28%,0.13%,,,,,,,,,
,,,,,,,,,,80,85.41%,0.13%,,,,,,,,,
